{"cameraMode":{"drawMode":0,"name":"Shaded","section":"Shading Mode"},"sceneLighting":true,"audioPlay":false,"sceneViewState":{"showFog":true,"showMaterialUpdate":false,"showSkybox":false,"showFlares":true,"showImageEffects":true,"showParticleSystems":true},"in2DMode":false,"pivot":{"x":30.281536102294923,"y":38.96059036254883,"z":-197.5718231201172},"rotation":{"x":0.2057778239250183,"y":-0.10604334622621536,"z":0.022438086569309236,"w":0.9725774526596069},"size":6.238404750823975,"orthographic":false}